path,address,public key,private key
m/0,t1dujPA1CaGNW4VQLxTRRjAf2u2jjLsMLTY,031a1679343549225a581002383a546eb7df4c5aac75888cb05f756e1e33a1263f,L3QRJHakyQEhTE5qGSP2K8iTeUX6V8apnsHv5WFwAieXhk6WUefP
m/1,t1Jt3dn1nKbgk9FYvYoVVTKM64V4tL2uD2p,03a543feb91a94eb24c506156f6676d0a0d3b00a063df71388d897e56620b569f2,Kyvfc9e9njfCR2ap8BuaAaYSnbnPisUquNjoDKhCXaPmDcbMfHpR
m/2,t1ZzUyw4FMW1cFMHBV18tHWVupkHxhDnN47,02b3ac60b4851189f859bf50c135bd1b0bc15366b8421fd547c893b6567c13ed6e,L1B5S2g3oE4dNsDbekRmA9bpFh5UvDmiRoyZCcp28REsKsfdnS8F
m/3,t1h5zgCstPH5DkMxiFhpkiubDwYsxX8W4vC,039b0acba652cd7c24315aa05544b85f44148808060c13c2a94816bdadc75ed05f,Ky7GDFva2adTTJ2J9uQFkpjkHRbEKd9nMJ8UdLYAXe6Gxy4B4xDv
m/4,t1QxsJwgwZWkC1fh9G447NG4MfEVVbA637B,020127fff0980baa8efe656208b9309310f109e4a5c1559809a9a5710d1b5b28bd,L3ohXvCRyhhSJ7rVW7q7ERyWQ8XS7pDseCahw1n6z32XaVqECf8W
m/5,t1Y3ZRfMwUunXZDZdFmDECuxuePq94kxZ8D,03476bc15e21abb5d679597a481b2a1bd850da8b9ec41b75e34a6559e4e738ee38,KyZy3kkJMuZmxDhLCC8Ju2Qu9UrfBVExRgnTts3UYvUsGdaH5i1Z
m/6,t1LrLLC6BUHCCi1xQ6gXDFWC2t7wpmY1hcV,022911260b43cc6142a4c94f97be15cbed62a15c64803f8008a7e0cee250e12969,L5UoTVxB221BjwuXNVGEotGi5X4CjKZsTV41S3LYf22tFW9H1mg5
m/7,t1ZRRhsYHKXqXo3wcnCYwM8n6EyGKze7yBY,02405fb541de4b9100791ce14cfa1d07381b081c6ae97b1bf9edf48f05395cf5b5,L16PGs96PJ9w7YfTLLHCMtPENPVvwJ4va7c5zvU3hgeJgivqHYCt
m/8,t1QUaVEkJQA3Cvn8oZqojEGCj3e8y46Nkda,02ca76d5a6b8a47352926067b6efdedea5b8b70d995887909a8548081bb6dd6b51,L2UQqcQ91gzF3HNbF1SxcfSXA7DYiAZnyKnJ4XxUdP4ZJkF75tpy
m/9,t1KLcWV9LsP2CRbmAo3F7KepAgAVJyHDpWz,03b7e9237dfb5fa43aa045d937123cc233ddf5f4461175191b80049a0c83d89671,L2dncU3mqFwbCEqxDys5BnoSGq2Q4AdqYL3yZGKXJDD4aKBKeBi7
m/10,t1Tsh849bwinxA2pFENcnDiGqjh3PS7CxQc,0310030a7ceb51ec9adf1b1907552afdca852ba65ab00cce8838d81fa1dcc8bf56,L2Zj4PWgLkkDq7H6JjmdiauJx7obQcpWXqy7NHcC78Pn2113tRu4
m/11,t1TbyjU993A9JgFWJsTsGhAJCbfRakX3TeG,02d809c3fb2497516e91265640c93cd1285e359c96d4b0cf32e809a01aff17008b,L4n5c9HhtgAXwWRW6DQpg2Tq1HAk3mKpgQFmjdYvWSYpLeF8MBq1
m/12,t1bmZ5RFS5aMHEWTJKhG5KEJRNpgCPE6M8p,03d14c98aafc508a32e980557baa4a84d30902921602abbcef766e1c6c7571aeab,Kz84nkvMWB7o32mqiebAjEstwMzW4SnQFCJcKVzcoejooBRHg1hc
m/13,t1h1YiaHvGGa9ZwdEL7TEWyqSWrCvidp2oD,0217d06d1bb60204a2449f73f86ad3fe72e6f360a281c6c6282c45049e80b83763,L4nGdZazh7tCg9KNHi8ueo6WpfvskQN13kxjQQMksjoXHpqJA4Tc
m/14,t1KPydQwBeXyRWhiLfGoLvveg5mQAvqVXDW,03ad4bcf9a527b2656938f4c7d2b6d43df9d2fe8be248ce1fa5760fa39be2759e8,L2LfmPyJVwPAJkS6HAiWjTAd6jkYWCTeTaMQxVvqcaxe9LbEdZid
m/15,t1Qcuqc4UQFN7XkhxtFXWGTrDDwZWjbhr6D,0370bfdf5c7d1111e8389ed9d3d97ec3b0d42229fdf482f8fe0ec8a47c6a16c911,L5KTvXjHZqjFhJ1gHtWzeQN4qv3CZsxPdwnwd1HMtc3vthME5hkc
m/16,t1L6ton4uDPLERa8NNGHAbNsnEA7Tf5xXNi,03722d42fafe589d0b12df926f661f863ec06f299afc3c2fadeb85c2e3078383b3,KxkaMDJvk7Vm5uQ73pLpfqtX2JMwBXzj28tnMjqB4A7v5MGSTYq7
m/17,t1NwauRtJoEwNgMn7BcTVd8R5e3Dj6hQW6x,0264a260ec7b879734016536fbce7759b6b8dee23343a447e2a9c02f3ed0efb1d3,KznSgYiktEr19fxUCbNoAR6ponrm7vwSRDyUuRxMgBXmspjYJGfa
m/18,t1Z15vuc6U6thBbdTQcmjWWamGpi4iWTJ1Q,027c53aa1e4badcf7d45693572b883118df40879fcbf86ed471b034c8c2d18ba6d,L5Ruqymw8wpPqx8679LezSXpD4GQ8u7Gc2W5qbPqYNqF89uXFYRZ
m/19,t1SVvcUTkARirv4ndhZubh2WEKDD7V1cu4k,0252db119ab9e814ae9673078cf73b7ec0177cacedd25ff27e634512d18e219ff1,L37UqLE49Et1DKQc2PfkESmpdNEwMW26hqw1q1AGmawUUouDXUDV
